FileIndex,InstanceName,Utility
1,c515-1,336
1,c515-2,327
1,c515-3,339
1,c515-4,341
1,c515-5,326
2,c520-1,434
2,c520-2,436
2,c520-3,420
2,c520-4,419
2,c520-5,428
3,c525-1,580
3,c525-2,564
3,c525-3,573
3,c525-4,570
3,c525-5,564
4,c530-1,656
4,c530-2,644
4,c530-3,673
4,c530-4,647
4,c530-5,664
5,c824-1,563
5,c824-2,558
5,c824-3,564
5,c824-4,568
5,c824-5,559
6,c832-1,761
6,c832-2,759
6,c832-3,758
6,c832-4,752
6,c832-5,747
7,c840-1,942
7,c840-2,949
7,c840-3,968
7,c840-4,945
7,c840-5,951
8,c848-1,1133
8,c848-2,1134
8,c848-3,1141
8,c848-4,1117
8,c848-5,1127
9,c1030-1,709
9,c1030-2,717
9,c1030-3,712
9,c1030-4,723
9,c1030-5,706
10,c1040-1,958
10,c1040-2,963
10,c1040-3,960
10,c1040-4,947
10,c1040-5,947
11,c1050-1,1139
11,c1050-2,1178
11,c1050-3,1195
11,c1050-4,1171
11,c1050-5,1171
12,c1060-1,1451
12,c1060-2,1449
12,c1060-3,1433
12,c1060-4,1447
12,c1060-5,1446
